question,answer
What is RedBus app?,"redBus is India's largest brand for online bus ticket booking and offers an easy-to-use online bus and train ticket  booking; with over 36 million satisfied customers, 3500+ bus operators to choose from, and plenty of offers on bus ticket booking, redBus makes road journeys super convenient for travellers. A leading platform for booking bus tickets, redBus has been the leader in online bus booking over the past 17 years across thousands of cities and lakhs of routes in India."
How can i book a ticket in redbus,"Booking a bus ticket online on the redBus app or website is very simple. You can download the redBus app or visit redbus.in and enter your source, destination & travel date to check the top-rated bus services available. You can then compare bus prices, user ratings & amenities, select your preferred seat, boarding & dropping points and pay using multiple payment options like UPI, debit or credit card, net banking and more. With redBus, get assured safe & secure payment methods and guaranteed travel with the best seat and bus operator of your choice. Once the bus booking payment is confirmed, all you have to do is pack your bags and get ready to travel with the m-ticket, which you can show to the bus operator on your mobile before boarding the bus. Online bus ticket booking with redBus is that simple!"
What are the benefits in rebus than other ticket booking sites?,"redBus also offers other exclusive benefits on online bus tickets like flexible ticket rescheduling options, easy & friendly cancellation policies, and instant payment refunds. With a live bus tracking feature, you can plan travel and never miss the bus. You can get the cheapest bus tickets by availing the best discounts for new & existing customers. With redDeals, you can also get exclusive & additional discounts on your online bus ticket booking. You will get 24/7 customer support on call, chat & help to resolve all your queries in English & local languages."
Any Prime services provided by redbus?,"redBus offers Primo bus services, specially curated by redBus, which have highly rated buses and best-in-class service. With Primo by redBus, you can be assured of safe, comfortable, and on-time bus service at no additional cost. With multiple boarding and dropping points available across all major cities in India, you can select at your convenience and enjoy a smooth travel experience."
Where and all redbus is providing services,"redBus operates in six countries, including India, Malaysia, Singapore, Indonesia, Peru, and Colombia. Through its website and app, it has sold over 220 million bus tickets worldwide. With over 36 million satisfied customers, redBus is committed to providing its users with a world-class online bus booking experience."
redbus provides tickets from which bus operators?,"redBus offers bus tickets from some of the top private bus operators, such as Orange Travels, VRL Travels, SRS Travels, Chartered Bus, and Praveen Travels, and state government bus operators, such as APSRTC, TSRTC, GSRTC, Kerala RTC, TNSTC, RSRTC, UPSRTC, and more. With redBus, customers can easily book bus tickets for different bus types, such as AC/non-AC, Sleeper, Seater, Volvo, Multi-axle, AC Sleeper, Electric buses, and more."
How many bus operators are there in redbus?,1546 Bus Operators
"For how many routes, redbus is providing services?",200562 Routes
Can i track my booked bus in redbus?,"Yes, you can track your bus online by using our bus tracking app feature called 'Track My Bus'ù. This feature allows passengers and their families to track the live bus location. You may follow your bus on a map and use the information to plan your trip to the boarding point and to get off at the correct stop. Family and friends may also check the bus position to schedule pick-ups and ensure safety."
What are the advantages of booking a bus ticket in redbus?,"There are many advantages to purchasing online bus tickets with redBus. redBus is India's most trusted bus ticket company, where you can book any type of private or government-owned bus. redBus allows you to find the different types of buses, choose the preferred bus seats, and find your nearest boarding and dropping points. You can also filter the buses based on timings, like morning, evening, etc."
is redbus preferred by most of the travellers?,"Booking bus tickets online on redBus is increasingly becoming the preferred choice for travellers due to its numerous advantages over traditional methods. With redBus, customers can book their bus tickets effortlessly from the comfort of their homes, avoiding the inconvenience of standing in long lines at bus stations or travel agencies. Online bus booking offers the luxury of comparing different bus schedules and operators and presents various discount offers and exclusive deals, resulting in significant savings. Payment security is another notable feature of online booking, which ensures that your financial information is well-protected against fraud. Additionally, customers can pick their seats, providing a customized travel experience. Online bus booking platforms give real-time updates about any changes in the bus timetable, including delays or cancellations, enabling better planning. The convenience doesn't stop here; travellers can even compare onboard amenities like charging points or snacks, further enhancing the travel experience."
Should i create a account in redbus to book tickets?,"No, you don't have to create an account on the redBus site to book your bus ticket. But it is advisable to make one to accelerate the process next time you want to book bus tickets. Also, redBus has many discounts and offers that you can easily access if you have an account with us."
is bus ticket price in redbus same with other ticket booking sites?,"Not at all! The bus ticket price is the same as you would get from the bus operator/ counter of any bus ticket agency. redbus reduces the travel budget by comparing the bus ticket prices among various operators, making it a more cost-effective choice. Therefore, online bus booking is increasingly recognized as a more convenient, efficient, and economical mode of securing travel arrangements."
is there any discount available?,"To get a discount on bus booking, please visit https://www.redbus.in/info/OfferTerms and check the available offers. Copy the coupon code and paste it during checkout to avail of the discount."
Can I book Government bus ticket in  redbus?,"Yes, you can book government bus tickets on redBus. redBus has extended its bus booking services to many RTCs in India. Some of these RTCs are Andhra Pradesh State Road Transport Corporation (APSRTC), Assam State Transport Corporation (ASTC), Bihar State Tourism Development Corporation (BSTDC), Himachal Road Transport Corporation (HRTC), Jammu and Kashmir State Road Transport Corporation (JKSRTC), Kerala RTC, Kadamba Transport Corporation (KTCL), Patiala and the East Punjab States Union (PEPSU), Puducherry Road Transport Corporation (PRTC), Rajasthan State Road Transport Corporation (RSRTC), South Bengal State Transport Corporation (SBSTC), Uttarakhand Transport Corporation (UTC), West Bengal Transport Corporation WBTC (CTC), North Bengal State Transport Corporation (NBSTC) Chandigarh Transport Undertaking (CTU)"
Tell me the steps to book a bus ticket in redbus?,"Bus ticket Booking is effortless on redBus. To book the bus tickets, go to the main page and enter your source city and destination city in the 'From' and 'To'ù fields, respectively. Enter the travel date and hit the search button. Now, you will see the bus list available on the given bus route. You can use the filter option, such as duration, fare, bus type, etc., to rearrange the list accordingly. This makes it easier for customers to book their bus tickets online with redBus."
Can i change the journey date after booking a ticket?,Yes. You can change the journey date after booking a bus ticket on redBus by clicking the 'Reschedule'ù icon if your travel plan might get interrupted while booking. Bus operators with the 'Reschedule icon' next to it offer rescheduling of the bus ticket in case your initially selected date is not viable to travel on.
Can i show my mobile ticket while boarding?,"It depends on the bus operator you have booked your online bus tickets with. Even mTickets are available on redBus. For operators that support mTickets, the SMS that is sent to your mobile can be produced at the time of boarding and you will be allowed to travel.For operators that do not support mTickets it is a must to take a printout of the e-ticket and produce it at the time of boarding. The e-ticket is sent to the e-mail ID provided at the time of boarding.To know which operators are mTicket enabled, look for the mTicket icon under the mTicket column while searching for buses."
Where can i find my bus ticket after booking?,"A copy of the bus ticket would have been sent to you by email when you booked bus ticket online. Please take a printout of that mail and produce it at the time of boarding. If you have not received the ticket e-mail, please call any of our call centers and our executive will resend you a copy by mail."
What is mticket?,"An mTicket is an SMS that is sent to your mobile on booking bus tickets with select private bus operators. This SMS has the TIN number and the PNR number along with other ticket related information. It can be used to board the bus. Please note that not all operators accept mTickets. To know which operators are mTicket enabled, look for the mTicket icon  under the mTicket column while searching for buses."
How can i generate mticket?,"You can generate your mTicket online. To generate m-Ticket online click on the Print/SMS ticket link on the redbus home page on www.redBus.in. Enter your TIN number mentioned on the e-ticket we emailed you. Choose the SMS option and click on Submit. In case you don't have a copy of the e-ticket either, contact our call center and our executive will assist you."
can i get my mticket on different number?,"Yes, you can get the m-Ticket on the different numbers.To get the M-Ticket on the different number  please contact redBus call center and our customer executive will send you the mTicket on your desired number."
is my personal information safe in redbus?,"Transactions on redBus are very safe. We employ the best-in-class security and the transactions done are secure. Apart from being certified by Verisign, redBus uses Secure Socket Layers (SSL) data encryption. Using SSL ensures that the information exchanged with us is never transmitted unencrypted, thus protecting the information from being viewed by unauthorized individuals."
Should i pay for tickets only using my credit/debit cards?,"Not at all! A passenger can use any debit or credit card to pay for the bus ticket, not necessarily their own. However, please note that the passenger in whose name the ticket is booked should carry a proof of his identity (along with the ticket) at the time of boarding the bus."
Where can i find the payment transaction in redbus?,"Transactions on redBus will appear as REDBUS.IN, www.redbus.in in your bank statement."
Can i cancel my ticket after booking?,"Yes you can cancel bus tickets online, Most of the tickets can be canceled online. However, there are some bus tickets that can only be canceled through our call center.However please note that the cancellation fee and cancellation period may differ for specific bus services. Please contact any of our executives for cancellation details on any specific service."
How to cancel a ticket?,"To cancel the bus ticket online, you need to click on the cancellation link provided on our home page. Enter your ticket number and the e-mail ID that was provided at the time of bus booking and click on cancel ticket."
I missed the bus. Do I get a refund?,"redBus provides a 100% refund if the bus is missed due to either redBus or its partner company's fault. However, if the bus is missed due to any other reason not directly related to redBus no refund is provided."
How can I get a refund in case I cancel my ticket?,"The refund is provided as per cancellation policy of the operator. The refund can be credited to the source of payment (Example: debit card, credit card, net banking) or credited to redBus wallet. Wallet credit can be used for bus booking in future (within 6 months of cancellation)."
What should i do if my bus doesn't leave on time?,"If your bus does not leave on time or is canceled, in such situations, you will need to consult the counter of the respective bus operators. You can also call the redBus customer care to discuss the appropriate actions."
where can i find the details on insurance policy?,"For details on Insurance of your journey after bus ticket booking, please refer to the Insurance Terms"
Should every customer register in redbus?,"No, redBus does not require its customers to go through a registration process"
will my ticket price reduce if i directly get ticket from bus operators?,Not at all! The price of the bus ticket is the same as you would get from the bus operator too.The price of hotel voucher is the same or sometimes discounted depending on the season/time.
Will every bus operators accepts mticket?,"It depends on the bus operator you have booked your ticket with. Even mTickets are available on redBus. For operators that support mTickets, the SMS that is sent to your mobile can be produced at the time of boarding and you will be allowed to travel."
What should I do if operators doesn't accept mtickets?,For operators that do not support mTickets it is a must to take a printout of the e-ticket and produce it at the time of boarding. The e-ticket is sent to the e-mail ID provided at the time of boarding.
"how can i know, whether bus operator is accepting mticket or not?","To know which operators are mTicket enabled, look for the mTicket icon  under the mTicket column while searching for buses."
"what should i do, if i don't receive a ticket to my mail?","A copy of the ticket would have been sent to you by e-mail when you booked it. Please take a printout of that mail and produce it at the time of boarding. If you have not received the ticket e-mail, please call any of our call centers and our executive will re-send you a copy by mail."
I entered the wrong mobile number while booking. Can I get my mTicket on a different number?,Sure you can. Please contact our call center and our executive will send you the mTicket on your desired number.
Can I cancel my ticket online?,"Most of the tickets can be cancelled online. However, there are some tickets that can only be cancelled through our call center. However please note that the cancellation fee and cancellation period may differ for specific bus services. Please contact any of our executives for cancellation details on any specific service."
what is the use of bus timetable?,"Bus timetables play a significant role in every traveler's journey. The redBus platform readily presents these crucial details, providing you with the exact departure and arrival times of each bus. These bus schedules are a key factor that travelers consider when booking their bus tickets. The knowledge of the departure time from a specific stop and the arrival time at the destination greatly influences the bus booking process."
Any latest updates on redbus platform?,"redBus has recently introduced an intuitive bus timetable app. This user-friendly platform allows users to view different bus operators and their bus timings, bus numbers, bus frequency, bus stops, Via routes,  and the first and last bus times across more than 10,000 routes in Karnataka, Andhra Pradesh, Madhya Pradesh, Rajasthan, and Assam. Explore the bus schedules of various bus operators plying on some of India's most frequented routes. Experience a seamless bus booking process with redBus, making your travel plans more efficient and stress-free."
"What information, can i find in bus time table?","From city to city, and state to state, the redBus bus time table provides you with timely updates on bus departures and arrivals. It gives you a clear picture of the bus timing so that you can schedule your day accordingly. Plus, the platform's flexibility allows you to adjust your plans with real-time updates, if necessary."
Where can i find the bus time table?,"Simply log in to the redBus bus timetable platform, enter your desired routes and let the platform take care of the rest. You'll be provided with a detailed bus schedule, including all the bus timings you'll need. Start your journey with certainty and end it with satisfaction by choosing the bus time table by redBus."
